{"cameraMode":{"drawMode":0,"name":"Shaded","section":"Shading Mode"},"sceneLighting":false,"audioPlay":false,"sceneViewState":{"showFog":true,"showMaterialUpdate":false,"showSkybox":false,"showFlares":true,"showImageEffects":true,"showParticleSystems":true},"in2DMode":false,"pivot":{"x":1084.83349609375,"y":566.126953125,"z":-88.75},"rotation":{"x":-0.013499772176146508,"y":0.001499712117947638,"z":0.000020306404621805996,"w":0.9999092221260071},"size":496.0591735839844,"orthographic":true}